,Name,Job,Address,Phone,Email
0,Ashley Murphy,"Biochemist, clinical","53276 Frye Throughway Apt. 179
East Andrewland, RI 81755",2352276753,hjordan@example.net
1,John Garrett,Probation officer,"05329 Mejia Landing Apt. 386
Kathryntown, WA 85914",(804)468-1156x45556,jameslewis@example.org
2,Peter Hess,"Lecturer, further education","61951 Anderson Fords Apt. 248
Port Nicholasville, DE 01173",911.682.2144x58155,ncarpenter@example.com
3,Laurie Garner,"Journalist, magazine","PSC 5665, Box 8923
APO AA 97745",+1-913-891-1593x4921,moorechristopher@example.net
4,Karen Hernandez,Automotive engineer,"735 Bruce Ports
Brownberg, OR 67005",631.208.8139,angelabaker@example.com
5,Christopher Schultz,Interpreter,"63944 Timothy River
Wagnertown, PA 86371",001-832-679-6031x024,daniel49@example.net
6,Kyle Snyder,Police officer,"Unit 4373 Box 7646
DPO AP 57912",763.222.1750x17851,loribell@example.org
7,Alexander Johnson,Wellsite geologist,"7686 Rebecca Fall
South Eric, OK 42962",+1-784-836-0926,cody43@example.org
8,Susan Glass,Theatre manager,"971 Moreno Mountain
Port Thomasside, DC 58424",(309)510-4751x495,anthonyhinton@example.net
9,James Garcia,"Civil engineer, contracting","224 Jennifer Street Suite 825
South Danielfurt, KS 55258",(187)390-7183,dannymarquez@example.net
10,Arthur Bryant DVM,Retail banker,"55827 Terri Curve Suite 447
East Julie, MS 18234",001-291-806-5356x312,vanessamunoz@example.com
11,Matthew Peterson,"Development worker, international aid","5923 James Views
Palmerview, IA 36626",883.548.3981x07627,isaac84@example.org
12,Jennifer Walker,Applications developer,"67303 Jennifer Fork
Jamesmouth, NY 12008",001-085-554-1856,holly74@example.com
13,Melanie Cowan,"Scientist, research (medical)","04575 White Ford
South Danielle, CA 30593",476-959-4186x128,clarkkeith@example.com
14,Matthew King,Equities trader,"204 Stone Prairie Suite 785
Port Jenniferton, MA 26280",+1-557-758-3884,teresarobinson@example.net
15,Mrs. Melissa Johnson PhD,Barrister,"55090 Morris Path Apt. 022
Reeveshaven, KY 45205",0279388234,jenna55@example.com
16,Jerry Barnes,"Scientist, marine","9199 Wright Rapid
Hartton, DC 62421",124-327-4155x61873,amandagriffin@example.com
17,Alicia Hamilton,Photographer,"319 Annette Forge
Matthewtown, ME 87598",1701775346,cbailey@example.org
18,Cindy Harris,"Surveyor, insurance","8852 Lynn Meadow
West Thomasville, AZ 11338",835-519-0116x518,denise01@example.com
19,Samuel Mitchell,Clinical psychologist,"4397 Hunter Alley
South Jessicaberg, NY 85740",(414)408-7416,rrobinson@example.net
20,John Barron,Marine scientist,"7078 Wilson Underpass
Lewisbury, OH 78351",001-109-379-2534x41737,brandy64@example.org
21,Lynn Anderson,Quality manager,"457 Sawyer Brook
Port Thomas, OK 33673",(262)534-5055,dconner@example.com
22,Mr. Thomas Williams Jr.,Trade union research officer,"90397 David Lodge
South Nicholasstad, AK 74212",001-984-321-4570,morsegary@example.net
23,Kathy Williams,"Production designer, theatre/television/film","634 Freeman Groves Apt. 437
Port Katieland, NE 88514",8650102544,cbishop@example.com
24,Marie Sanders,"Surveyor, minerals","77846 Mason Plains Suite 880
North Rachel, LA 35943",+1-741-447-3793x279,chadgraham@example.com
25,Steven Edwards,"Editor, magazine features","07567 Hobbs Rue Apt. 607
Lake Ashley, NJ 21161",001-867-546-1320x57583,jeremygreene@example.org
26,Whitney Galloway,Medical physicist,"80505 Kristy Camp Apt. 335
Yorkborough, ID 90807",(319)036-7290,holmeskyle@example.com
27,Julia Weber,Land,"605 Turner Canyon Apt. 239
New Elizabeth, NC 79327",580.283.0367,michaelgonzalez@example.net
28,John Webb,"Engineer, civil (contracting)","Unit 9762 Box 5396
DPO AP 31740",948-713-1623x1149,wheelerjared@example.org
29,Adrian Oneal,"Producer, radio","813 Micheal Glen Suite 336
New Kristenchester, SC 69537",765-894-3595x25481,barajasrichard@example.com
30,Whitney Johnston,Systems analyst,"9062 Justin Cliff
New Latoyafort, WI 77964",(097)486-2374,taylorjasmine@example.net
31,Ms. Laura Smith DDS,Senior tax professional/tax inspector,"92969 Johnson Falls
New Feliciaberg, MT 73917",590-949-0595x612,julie64@example.net
32,Jeffrey Valdez,Publishing copy,"5221 Taylor Club Apt. 369
Josephside, NJ 95763",+1-541-156-4836x03552,silvajennifer@example.org
33,Stephanie Flores,Animator,"481 Jones Spurs
Morristown, DE 26614",589-042-1254,robertknox@example.net
34,Jacob Fernandez,Print production planner,"20354 Shelby Fields Suite 874
Lopezberg, NJ 44438",(269)408-2297x335,kathydickerson@example.org
35,Dylan Sanchez,Chartered certified accountant,"5946 Davis Stravenue
South Ann, CO 29664",943-532-0001x810,angela47@example.com
36,Sheila King,Glass blower/designer,"USNV Collier
FPO AA 46761",650.976.2460x756,susan11@example.net
37,Jerry Jackson,IT sales professional,"08246 Steven Mountain
Veronicabury, PA 04069",3374060189,powerslisa@example.net
38,Brittany Russell,Volunteer coordinator,"58762 Arnold Shores
South David, DC 45114",001-039-088-1415x9321,ogordon@example.net
39,Russell Perry,"Lecturer, higher education","23052 Alexander Flats Apt. 270
New Johnmouth, AK 58538",185-458-2775x4657,howardgarrett@example.net
40,Kelly Roach,Land,"595 Hinton Burgs Apt. 390
Lake Lisa, RI 17242",+1-364-776-8857x263,cyoung@example.net
41,Kristopher Torres,Medical illustrator,"58651 Juan Harbor Apt. 278
Cherylburgh, AR 30006",001-474-212-5394x02674,dylanpeterson@example.com
42,Thomas Lara,Chiropodist,"01048 Vasquez Hills Suite 533
Christinatown, TX 71989",118-128-2308x3987,mitchellday@example.com
43,Kim Knight,Financial adviser,"35215 Christopher Run Suite 766
Amandahaven, ME 14838",001-326-246-5880x239,qgreen@example.com
44,Rachel Fitzgerald,Dealer,"6830 Meyer Greens Apt. 334
Bartonstad, FL 13129",7065429196,brittany04@example.com
45,Aaron Barajas,"Engineer, energy","134 Kimberly Walk
East Charlesburgh, OK 06769",4198507270,fmassey@example.com
46,Daniel Mccoy,Sub,"1671 William Burg
Sullivanberg, AK 93932",+1-851-534-5606,jeremy93@example.org
47,Sylvia Ramsey,Conference centre manager,"USCGC Daniels
FPO AA 70983",+1-203-779-8470x61766,daniellebarton@example.net
48,Ashley Coleman,"Designer, exhibition/display","823 Shirley Glen
Port Kathleen, WA 77107",(795)303-8349,lopezbrian@example.com
49,Lisa Oneill,Education administrator,"790 Clarke Overpass Apt. 167
West Anne, ID 82608",464-919-3818x384,rebeccajones@example.org
50,Kimberly Potter,Merchant navy officer,"5003 Banks Rapids Apt. 222
West Phillip, NM 91421",997.498.0011,james73@example.net
51,Sarah Hill,"Engineer, materials","4794 Holloway Drive Suite 568
Maryfurt, MD 47387",347-452-5132,ruizrobert@example.net
52,Lindsey Shepard,Environmental education officer,"USNV Luna
FPO AE 76916",799-359-5752x2649,richardallen@example.com
53,Brittany Tucker,Drilling engineer,"7135 Bernard Lodge Apt. 497
Matthewchester, KY 80578",160-193-9575,jacquelinejones@example.org
54,Katie Baker,"Development worker, international aid","7415 Sherry River
Shirleyfurt, HI 51522",632.168.4061x3429,craig06@example.com
55,Joseph Smith,Statistician,"7933 Christina Key Apt. 395
Tapiafurt, IL 69004",809.669.7800x0921,catherinecarrillo@example.com
56,Erin Shannon,Manufacturing systems engineer,"83182 Gina Creek Suite 670
Savannahborough, WA 19509",367.362.6159x947,areyes@example.net
57,Craig Sparks,Teaching laboratory technician,"694 Smith Corners
South Kevin, NE 61028",001-816-447-3671,robleskatherine@example.org
58,Barbara Morgan,English as a second language teacher,"45386 Anthony Lane Suite 925
North Gregory, AL 09836",521-396-1856x17386,kmoore@example.org
59,Brittany Weiss,"Pilot, airline","149 York Passage
Kristaport, OK 07673",+1-499-719-3984x353,hsanchez@example.com
60,Melissa Johnson,Intelligence analyst,"537 Jonathan Path
West Jonathan, HI 13701",621-426-6169,frank33@example.org
61,Mary Contreras,Maintenance engineer,"637 Martinez Plaza Suite 304
East Manuel, PA 92280",503.162.8457,joseph99@example.com
62,Antonio Lewis,Accommodation manager,"81575 Barbara Glens
Samuelshire, AZ 56536",636.278.4854x54989,jenniferevans@example.net
63,Shannon Koch,Armed forces logistics/support/administrative officer,"79718 Evans Mill Apt. 813
North Charles, WA 96587",(577)822-4455,hamiltonbriana@example.net
64,Jean Miller,Cabin crew,"06918 Reed Harbors Apt. 551
Thomasmouth, SD 91570",112-846-1958,kennethbraun@example.net
65,Jennifer Vaughn,Higher education careers adviser,"23036 Mark Bypass
Callahanborough, UT 01498",729.978.8552,sabrinahernandez@example.com
66,Shawn Robinson,Operational investment banker,"PSC 6313, Box 4321
APO AA 33932",+1-680-464-3265x18741,melliott@example.net
67,Michelle Adams,Media buyer,"863 Gomez Mews
North Rachaelview, ID 73064",(991)637-5953x930,lambrobert@example.net
68,Karen Watson,Actor,"5623 Gonzales Spur
Davidbury, AZ 33642",(487)353-9242x50626,crystaltrevino@example.org
69,Jennifer Rosario,Forensic scientist,"2813 Dixon Route Suite 123
Crystalmouth, WI 80610",327-157-9221,raymond24@example.net
70,Miss Jennifer Davis,Medical illustrator,"555 Brown Loop Apt. 040
Thomasshire, WY 45312",(526)343-0495,aguilarbenjamin@example.org
71,Anthony Williams,Print production planner,"USNV Trujillo
FPO AA 54411",(007)129-2743,rachel54@example.com
72,Patrick Chung,Systems developer,"031 Thomas Brooks
Lake Vanessa, CT 73002",+1-295-340-2655x12335,dyerjoshua@example.net
73,Michael Huffman,Field trials officer,"9268 Christina Plains
Port Renee, MO 01292",012.285.7814x0633,marissasantiago@example.org
74,Jason Cox,Advice worker,"Unit 8189 Box 9440
DPO AP 70565",+1-221-998-3894,christopherwalters@example.net
75,David Lloyd,Paediatric nurse,"800 Tim Plain
New Tina, RI 49280",(318)585-9943,williamterry@example.org
76,Eric Hall,"Therapist, horticultural","1420 Hunter Prairie Suite 092
Lake Samuelland, GA 91217",9160758166,jennifer57@example.net
77,Daniel Garcia,"Doctor, hospital","237 Erin Stream Suite 610
South Corey, TN 08992",(558)257-9703,langsamantha@example.com
78,Daniel Turner,Television floor manager,"946 Eric Station
Lake Tommy, MS 61875",037-881-8177,joyce21@example.com
79,Jason Vasquez,"Administrator, charities/voluntary organisations","16978 Miller Court Apt. 000
Glennfurt, OK 80248",305-620-8835x149,colemanlisa@example.com
80,Amanda Hernandez,Magazine features editor,"02057 Wilson Tunnel Apt. 426
Scottshire, NC 33113",795-906-2937,gloverantonio@example.org
81,James Nolan,Market researcher,"9261 Joshua Walk Apt. 143
South Cassandra, UT 75978",+1-904-933-4295,vlane@example.net
82,Gregory Burns,Counsellor,"51097 Lisa Ramp Suite 740
Lesliefort, WY 20986",956.762.9452,mortiz@example.net
83,Jamie Chase,Arts administrator,"20940 Eric Pine Apt. 077
Spencerstad, AZ 41196",001-637-199-3492x059,debrasampson@example.org
84,Susan Johnson,Legal executive,"PSC 6218, Box 3082
APO AA 08372",9491460961,gregory15@example.org
85,Tiffany Ballard,Energy manager,"1515 Christine Shoals Suite 417
New Margaret, KS 31970",417-873-3695x731,jonathan51@example.org
86,Jay Mcgee,Lawyer,"0759 Sabrina Pass Suite 161
Port Joelshire, NV 46099",(855)829-9322x495,susan66@example.org
87,Andrew Bennett,Research scientist (maths),"USNS Monroe
FPO AA 94571",401-688-3341,justin27@example.com
88,Lynn Sanders,Chief Executive Officer,"911 Rodriguez Views Apt. 990
South Angela, OH 41893",7792110888,colleen03@example.com
89,Christina Sutton,Systems developer,"USCGC Hicks
FPO AP 78655",(464)434-1929,daniel39@example.org
90,Sarah White,Exhibition designer,"8134 White Bypass Apt. 699
Blackburnhaven, OK 68254",851-214-3532,jcampbell@example.net
91,Bradley Davis,Insurance underwriter,"61983 Aaron Fall
Michaelview, IN 66025",(251)778-0497x8719,kara30@example.com
92,David Lambert,Barrister,"821 Christine Keys
East Hollyhaven, HI 24140",(203)577-3688,thomasstephanie@example.org
93,Debbie Weeks,Paediatric nurse,"822 Dixon Plains
Millerberg, MO 56734",(310)923-1208x86501,austinthompson@example.com
94,Kimberly Salazar,Chief Marketing Officer,"86742 White Turnpike Apt. 043
Lake Annefurt, HI 38766",9948296517,garrettsierra@example.net
95,Cynthia Adkins,Legal executive,"159 Thomas Oval
New Michaelmouth, DC 36931",(894)221-3649x612,emilybennett@example.net
96,Ashley Stokes,Leisure centre manager,"2724 Lee Plaza
Lake Harold, AR 29028",(865)454-1514x2314,arandolph@example.com
97,Anthony Gonzalez,"Scientist, physiological","00376 Parker Courts
Deborahside, DC 77213",001-020-353-8050x0608,erikwalker@example.com
98,Kelly Jacobs,Geoscientist,"634 Bishop Drive Apt. 819
Bryantport, TN 47854",048-014-8890,masonjoshua@example.org
99,Thomas White,Press sub,"738 Martin Coves
Millerfurt, CO 22769",089-528-9112x7226,regina75@example.org
